<?xml version="1.0" encoding="UTF-8"?>
<project-private xmlns="http://www.netbeans.org/ns/project-private/1">
    <editor-bookmarks xmlns="http://www.netbeans.org/ns/editor-bookmarks/2" lastBookmarkId="0"/>
    <open-files xmlns="http://www.netbeans.org/ns/projectui-open-files/2">
        <group>
            <file>file:/C:/Users/Sophia/Documents/NetBeansProjects/Lec203Assign/src/lec203assign/HealthService.java</file>
            <file>file:/C:/Users/Sophia/Documents/NetBeansProjects/Lec203Assign/src/lec203assign/Procedure.java</file>
            <file>file:/C:/Users/Sophia/Documents/NetBeansProjects/Lec203Assign/src/lec203assign/Patient.java</file>
            <file>file:/C:/Users/Sophia/Documents/NetBeansProjects/Lec203Assign/src/lec203assign/MedicalFacility.java</file>
            <file>file:/C:/Users/Sophia/Documents/NetBeansProjects/Lec203Assign/src/lec203assign/MedicalConsole.java</file>
            <file>file:/C:/Users/Sophia/Documents/NetBeansProjects/Lec203Assign/src/lec203assign/Hospital.java</file>
            <file>file:/C:/Users/Sophia/Documents/NetBeansProjects/Lec203Assign/src/lec203assign/Clinic.java</file>
        </group>
    </open-files>
</project-private>
